{
  "version": 1,
  "author": "Ruhani Bhatia",
  "editor": "wokwi",
  "parts": [
    { "type": "wokwi-breadboard-mini", "id": "bb1", "top": -145.4, "left": 381.6, "attrs": {} },
    { "type": "wokwi-arduino-uno", "id": "uno", "top": -105.45, "left": -29.98, "attrs": {} },
    {
      "type": "wokwi-dht22",
      "id": "dht1",
      "top": -182.7,
      "left": 269.42,
      "attrs": { "temperature": "10.7", "humidity": "47" }
    },
    {
      "type": "wokwi-lcd1602",
      "id": "lcd1",
      "top": 18.68,
      "left": 284.52,
      "attrs": { "pins": "i2c" }
    }
  ],
  "connections": [
    [ "dht1:VCC", "bb1:1b.j", "red", [ "v21.69", "h1.05", "v31.41" ] ],
    [ "lcd1:VCC", "bb1:1b.i", "red", [ "h-5.35", "v-57.26", "h1.53" ] ],
    [ "bb1:1b.h", "uno:5V", "green", [ "v37.9", "h-141.07", "v130.23", "h-122.57" ] ],
    [ "dht1:GND", "bb1:3b.f", "black", [ "v0" ] ],
    [ "lcd1:SDA", "uno:A4", "green", [ "h-18.37", "v87.22", "h-56.69" ] ],
    [ "lcd1:SCL", "uno:A5", "green", [ "h-30.63", "v11.07", "h-10.72", "v81.97", "h-14.56" ] ],
    [ "dht1:SDA", "uno:2", "green", [ "v17.83", "h-40.96", "v-122.87", "h-3.78" ] ],
    [ "lcd1:GND", "bb1:3b.g", "black", [ "h-26.11", "v-3.3", "h6.62", "v-51.04", "h145.56" ] ],
    [ "bb1:3b.j", "uno:GND.2", "green", [ "v37.43", "h-153.23", "v188.09", "h-107.75", "v9.45" ] ]
  ],
  "dependencies": {}
}